<ImportExportXml version="9.1.0.17754" SolutionPackageVersion="9.1" languagecode="1033" generatedBy="CrmLive" xmlns:xsi="http://www.w3.org/2001/XMLSchema-instance">
  <SolutionManifest>
    <UniqueName>Lab_Corp</UniqueName>
    <LocalizedNames>
      <LocalizedName description="Lab Corp" languagecode="1033" />
    </LocalizedNames>
    <Descriptions>
      <Description description="Redo Lab Corp from a minimum original pieces." languagecode="1033" />
    </Descriptions>
    <Version>0.5</Version>
    <Managed>0</Managed>
    <Publisher>
      <UniqueName>ct</UniqueName>
      <LocalizedNames>
        <LocalizedName description="ct" languagecode="1033" />
      </LocalizedNames>
      <Descriptions />
      <EMailAddress xsi:nil="true"></EMailAddress>
      <SupportingWebsiteUrl xsi:nil="true"></SupportingWebsiteUrl>
      <CustomizationPrefix>ct</CustomizationPrefix>
      <CustomizationOptionValuePrefix>20645</CustomizationOptionValuePrefix>
      <Addresses>
        <Address>
          <AddressNumber>1</AddressNumber>
          <AddressTypeCode>1</AddressTypeCode>
          <City xsi:nil="true"></City>
          <County xsi:nil="true"></County>
          <Country xsi:nil="true"></Country>
          <Fax xsi:nil="true"></Fax>
          <FreightTermsCode xsi:nil="true"></FreightTermsCode>
          <ImportSequenceNumber xsi:nil="true"></ImportSequenceNumber>
          <Latitude xsi:nil="true"></Latitude>
          <Line1 xsi:nil="true"></Line1>
          <Line2 xsi:nil="true"></Line2>
          <Line3 xsi:nil="true"></Line3>
          <Longitude xsi:nil="true"></Longitude>
          <Name xsi:nil="true"></Name>
          <PostalCode xsi:nil="true"></PostalCode>
          <PostOfficeBox xsi:nil="true"></PostOfficeBox>
          <PrimaryContactName xsi:nil="true"></PrimaryContactName>
          <ShippingMethodCode>1</ShippingMethodCode>
          <StateOrProvince xsi:nil="true"></StateOrProvince>
          <Telephone1 xsi:nil="true"></Telephone1>
          <Telephone2 xsi:nil="true"></Telephone2>
          <Telephone3 xsi:nil="true"></Telephone3>
          <TimeZoneRuleVersionNumber xsi:nil="true"></TimeZoneRuleVersionNumber>
          <UPSZone xsi:nil="true"></UPSZone>
          <UTCOffset xsi:nil="true"></UTCOffset>
          <UTCConversionTimeZoneCode xsi:nil="true"></UTCConversionTimeZoneCode>
        </Address>
        <Address>
          <AddressNumber>2</AddressNumber>
          <AddressTypeCode>1</AddressTypeCode>
          <City xsi:nil="true"></City>
          <County xsi:nil="true"></County>
          <Country xsi:nil="true"></Country>
          <Fax xsi:nil="true"></Fax>
          <FreightTermsCode xsi:nil="true"></FreightTermsCode>
          <ImportSequenceNumber xsi:nil="true"></ImportSequenceNumber>
          <Latitude xsi:nil="true"></Latitude>
          <Line1 xsi:nil="true"></Line1>
          <Line2 xsi:nil="true"></Line2>
          <Line3 xsi:nil="true"></Line3>
          <Longitude xsi:nil="true"></Longitude>
          <Name xsi:nil="true"></Name>
          <PostalCode xsi:nil="true"></PostalCode>
          <PostOfficeBox xsi:nil="true"></PostOfficeBox>
          <PrimaryContactName xsi:nil="true"></PrimaryContactName>
          <ShippingMethodCode>1</ShippingMethodCode>
          <StateOrProvince xsi:nil="true"></StateOrProvince>
          <Telephone1 xsi:nil="true"></Telephone1>
          <Telephone2 xsi:nil="true"></Telephone2>
          <Telephone3 xsi:nil="true"></Telephone3>
          <TimeZoneRuleVersionNumber xsi:nil="true"></TimeZoneRuleVersionNumber>
          <UPSZone xsi:nil="true"></UPSZone>
          <UTCOffset xsi:nil="true"></UTCOffset>
          <UTCConversionTimeZoneCode xsi:nil="true"></UTCConversionTimeZoneCode>
        </Address>
      </Addresses>
    </Publisher>
    <RootComponents>
      <RootComponent type="1" schemaName="account" behavior="2" />
      <RootComponent type="1" schemaName="cole_diseaseclassification" behavior="0" />
      <RootComponent type="1" schemaName="cole_insuranceplan2" behavior="0" />
      <RootComponent type="1" schemaName="cole_listofailments" behavior="0" />
      <RootComponent type="1" schemaName="contact" behavior="2" />
      <RootComponent type="1" schemaName="customeraddress" behavior="2" />
      <RootComponent type="1" schemaName="email" behavior="2" />
      <RootComponent type="1" schemaName="invoice" behavior="2" />
      <RootComponent type="1" schemaName="opportunityproduct" behavior="2" />
      <RootComponent type="1" schemaName="product" behavior="2" />
      <RootComponent type="1" schemaName="quote" behavior="2" />
      <RootComponent type="1" schemaName="quotedetail" behavior="2" />
      <RootComponent type="1" schemaName="salesorder" behavior="2" />
      <RootComponent type="60" id="{356dfb7e-11de-4c26-b6d6-0ab1652371b7}" behavior="0" />
      <RootComponent type="60" id="{661157fe-2fc9-4eaa-835f-5bfa2f7b64f7}" behavior="0" />
      <RootComponent type="60" id="{8448b78f-8f42-454e-8e2a-f8196b0419af}" behavior="0" />
      <RootComponent type="60" id="{a6acb3cb-5590-ea11-a811-000d3a339ac5}" behavior="0" />
      <RootComponent type="60" id="{c9e7ec2d-efca-4e4c-b3e3-f63c4bba5e4b}" behavior="0" />
      <RootComponent type="61" schemaName="cole_AccountType" behavior="0" />
      <RootComponent type="61" schemaName="cole_BillingAddressMatchPatient" behavior="0" />
      <RootComponent type="61" schemaName="cole_bodyMassIndex" behavior="0" />
      <RootComponent type="61" schemaName="cole_ChangeContactType" behavior="0" />
      <RootComponent type="61" schemaName="cole_ContactType" behavior="0" />
      <RootComponent type="61" schemaName="cole_PatientFilter" behavior="0" />
      <RootComponent type="61" schemaName="cole_PatientPresearchFilter" behavior="0" />
      <RootComponent type="61" schemaName="cole_RequireParentSignature" behavior="0" />
      <RootComponent type="62" schemaName="cr81b_LabCorpApp" behavior="0" />
      <RootComponent type="80" schemaName="cr81b_LabCorpApp" behavior="0" />
    </RootComponents>
    <MissingDependencies>
      <MissingDependency>
        <Required key="0" type="1" schemaName="opportunityproduct" displayName="Opportunity Line" solution="msdynce_Sales (9.0.4.0076)" />
        <Dependent key="0" type="1" schemaName="opportunityproduct" displayName="Opportunity Line" />
      </MissingDependency>
      <MissingDependency>
        <Required key="1" type="1" schemaName="quotedetail" displayName="Quote Line" solution="msdynce_Sales (9.0.4.0076)" />
        <Dependent key="1" type="1" schemaName="quotedetail" displayName="Quote Line" />
      </MissingDependency>
      <MissingDependency>
        <Required key="2" type="1" schemaName="invoice" displayName="Invoice" solution="msdynce_Sales (9.0.4.0076)" />
        <Dependent key="2" type="1" schemaName="invoice" displayName="Invoice" />
      </MissingDependency>
      <MissingDependency>
        <Required key="3" type="1" schemaName="quote" displayName="Quote" solution="msdynce_Sales (9.0.4.0076)" />
        <Dependent key="3" type="1" schemaName="quote" displayName="Quote" />
      </MissingDependency>
      <MissingDependency>
        <Required key="4" type="1" schemaName="salesorder" displayName="Order" solution="msdynce_Sales (9.0.4.0076)" />
        <Dependent key="4" type="1" schemaName="salesorder" displayName="Order" />
      </MissingDependency>
      <MissingDependency>
        <Required key="5" type="1" schemaName="product" displayName="Product" solution="msdynce_ProductManagement (9.0.4.0066)" />
        <Dependent key="5" type="1" schemaName="product" displayName="Product" />
      </MissingDependency>
      <MissingDependency>
        <Required key="2" type="1" schemaName="invoice" displayName="Invoice" solution="msdynce_Sales (9.0.4.0076)" />
        <Dependent key="6" type="62" schemaName="cr81b_LabCorpApp" />
      </MissingDependency>
      <MissingDependency>
        <Required key="2" type="1" schemaName="invoice" displayName="Invoice" solution="msdynce_Sales (9.0.4.0076)" />
        <Dependent key="7" type="80" schemaName="cr81b_LabCorpApp" displayName="LabCorp App" />
      </MissingDependency>
      <MissingDependency>
        <Required key="4" type="1" schemaName="salesorder" displayName="Order" solution="msdynce_Sales (9.0.4.0076)" />
        <Dependent key="6" type="62" schemaName="cr81b_LabCorpApp" />
      </MissingDependency>
      <MissingDependency>
        <Required key="4" type="1" schemaName="salesorder" displayName="Order" solution="msdynce_Sales (9.0.4.0076)" />
        <Dependent key="7" type="80" schemaName="cr81b_LabCorpApp" displayName="LabCorp App" />
      </MissingDependency>
      <MissingDependency>
        <Required key="5" type="1" schemaName="product" displayName="Product" solution="msdynce_ProductManagement (9.0.4.0066)" />
        <Dependent key="6" type="62" schemaName="cr81b_LabCorpApp" />
      </MissingDependency>
      <MissingDependency>
        <Required key="5" type="1" schemaName="product" displayName="Product" solution="msdynce_ProductManagement (9.0.4.0066)" />
        <Dependent key="7" type="80" schemaName="cr81b_LabCorpApp" displayName="LabCorp App" />
      </MissingDependency>
      <MissingDependency>
        <Required key="3" type="1" schemaName="quote" displayName="Quote" solution="msdynce_Sales (9.0.4.0076)" />
        <Dependent key="6" type="62" schemaName="cr81b_LabCorpApp" />
      </MissingDependency>
      <MissingDependency>
        <Required key="3" type="1" schemaName="quote" displayName="Quote" solution="msdynce_Sales (9.0.4.0076)" />
        <Dependent key="7" type="80" schemaName="cr81b_LabCorpApp" displayName="LabCorp App" />
      </MissingDependency>
      <MissingDependency>
        <Required key="8" type="1" schemaName="msdyn_accountpricelist" displayName="Account Project Price List" solution="ProjectService (3.10.0.31)" />
        <Dependent key="9" type="60" displayName="Account" parentDisplayName="Account" id="{8448b78f-8f42-454e-8e2a-f8196b0419af}" />
      </MissingDependency>
      <MissingDependency>
        <Required key="10" type="1" schemaName="opportunity" displayName="Opportunity" solution="msdynce_Sales (9.0.4.0076)" />
        <Dependent key="6" type="62" schemaName="cr81b_LabCorpApp" />
      </MissingDependency>
      <MissingDependency>
        <Required key="11" type="1" schemaName="opportunitysalesprocess" displayName="Opportunity Sales Process" solution="msdynce_Sales (9.0.4.0076)" />
        <Dependent key="7" type="80" schemaName="cr81b_LabCorpApp" displayName="LabCorp App" />
      </MissingDependency>
      <MissingDependency>
        <Required key="10" type="1" schemaName="opportunity" displayName="Opportunity" solution="msdynce_Sales (9.0.4.0076)" />
        <Dependent key="7" type="80" schemaName="cr81b_LabCorpApp" displayName="LabCorp App" />
      </MissingDependency>
      <MissingDependency>
        <Required key="12" type="2" schemaName="msdyn_workorderinstructions" displayName="Work Order Instructions" parentSchemaName="account" parentDisplayName="Account" solution="FieldService (8.8.0.88)" />
        <Dependent key="9" type="60" displayName="Account" parentDisplayName="Account" id="{8448b78f-8f42-454e-8e2a-f8196b0419af}" />
      </MissingDependency>
      <MissingDependency>
        <Required key="13" type="2" schemaName="defaultpricelevelid" displayName="Product Price List" parentSchemaName="account" parentDisplayName="Account" solution="msdynce_ProductManagement (9.0.4.0066)" />
        <Dependent key="9" type="60" displayName="Account" parentDisplayName="Account" id="{8448b78f-8f42-454e-8e2a-f8196b0419af}" />
      </MissingDependency>
      <MissingDependency>
        <Required key="14" type="2" schemaName="msdyn_travelcharge" displayName="Travel Charge" parentSchemaName="account" parentDisplayName="Account" solution="FieldService (8.8.0.88)" />
        <Dependent key="9" type="60" displayName="Account" parentDisplayName="Account" id="{8448b78f-8f42-454e-8e2a-f8196b0419af}" />
      </MissingDependency>
      <MissingDependency>
        <Required key="15" type="2" schemaName="msdyn_workhourtemplate" displayName="Work Hour Template" parentSchemaName="account" parentDisplayName="Account" solution="FieldService (8.8.0.88)" />
        <Dependent key="9" type="60" displayName="Account" parentDisplayName="Account" id="{8448b78f-8f42-454e-8e2a-f8196b0419af}" />
      </MissingDependency>
      <MissingDependency>
        <Required key="16" type="2" schemaName="msdyn_taxexempt" displayName="Tax Exempt" parentSchemaName="account" parentDisplayName="Account" solution="FieldServiceCommon (1.0.0.76)" />
        <Dependent key="9" type="60" displayName="Account" parentDisplayName="Account" id="{8448b78f-8f42-454e-8e2a-f8196b0419af}" />
      </MissingDependency>
      <MissingDependency>
        <Required key="17" type="2" schemaName="msdyn_serviceterritory" displayName="Service Territory" parentSchemaName="account" parentDisplayName="Account" solution="FieldService (8.8.0.88)" />
        <Dependent key="9" type="60" displayName="Account" parentDisplayName="Account" id="{8448b78f-8f42-454e-8e2a-f8196b0419af}" />
      </MissingDependency>
      <MissingDependency>
        <Required key="18" type="2" schemaName="businesscard" displayName="Business Card" parentSchemaName="contact" parentDisplayName="Contact" solution="msdynce_SalesPatch201904 (9.0.1912.1007)" />
        <Dependent key="19" type="60" displayName="Contact Quick Create" parentDisplayName="Contact" id="{661157fe-2fc9-4eaa-835f-5bfa2f7b64f7}" />
      </MissingDependency>
      <MissingDependency>
        <Required key="20" type="2" schemaName="businesscardattributes" displayName="BusinessCardAttributes" parentSchemaName="contact" parentDisplayName="Contact" solution="msdynce_SalesPatch201904 (9.0.1912.1007)" />
        <Dependent key="19" type="60" displayName="Contact Quick Create" parentDisplayName="Contact" id="{661157fe-2fc9-4eaa-835f-5bfa2f7b64f7}" />
      </MissingDependency>
      <MissingDependency>
        <Required key="21" type="2" schemaName="msdyn_travelchargetype" displayName="Travel Charge Type" parentSchemaName="account" parentDisplayName="Account" solution="FieldService (8.8.0.88)" />
        <Dependent key="9" type="60" displayName="Account" parentDisplayName="Account" id="{8448b78f-8f42-454e-8e2a-f8196b0419af}" />
      </MissingDependency>
      <MissingDependency>
        <Required key="22" type="2" schemaName="msdyn_billingaccount" displayName="Billing Account" parentSchemaName="account" parentDisplayName="Account" solution="FieldServiceCommon (1.0.0.76)" />
        <Dependent key="9" type="60" displayName="Account" parentDisplayName="Account" id="{8448b78f-8f42-454e-8e2a-f8196b0419af}" />
      </MissingDependency>
      <MissingDependency>
        <Required key="23" type="2" schemaName="msdyn_taxexemptnumber" displayName="Tax Exempt Number" parentSchemaName="account" parentDisplayName="Account" solution="FieldServiceCommon (1.0.0.76)" />
        <Dependent key="9" type="60" displayName="Account" parentDisplayName="Account" id="{8448b78f-8f42-454e-8e2a-f8196b0419af}" />
      </MissingDependency>
      <MissingDependency>
        <Required key="24" type="2" schemaName="msdyn_salestaxcode" displayName="Sales Tax Code" parentSchemaName="account" parentDisplayName="Account" solution="FieldService (8.8.0.88)" />
        <Dependent key="9" type="60" displayName="Account" parentDisplayName="Account" id="{8448b78f-8f42-454e-8e2a-f8196b0419af}" />
      </MissingDependency>
      <MissingDependency>
        <Required key="25" type="2" schemaName="msdyn_defaultvendor" displayName="Default Vendor" parentSchemaName="product" parentDisplayName="Product" solution="FieldService (8.8.0.88)" />
        <Dependent key="25" type="2" schemaName="msdyn_defaultvendor" displayName="Default Vendor" parentSchemaName="product" parentDisplayName="Product" />
      </MissingDependency>
      <MissingDependency>
        <Required key="26" type="2" schemaName="msdyn_account" displayName="Potential Customer" parentSchemaName="quote" parentDisplayName="Quote" solution="FieldService (8.8.0.88)" />
        <Dependent key="26" type="2" schemaName="msdyn_account" displayName="Potential Customer" parentSchemaName="quote" parentDisplayName="Quote" />
      </MissingDependency>
      <MissingDependency>
        <Required key="27" type="2" schemaName="msdyn_serviceaccount" displayName="Service Account" parentSchemaName="opportunityproduct" parentDisplayName="Opportunity Line" solution="FieldService (8.8.0.88)" />
        <Dependent key="27" type="2" schemaName="msdyn_serviceaccount" displayName="Service Account" parentSchemaName="opportunityproduct" parentDisplayName="Opportunity Line" />
      </MissingDependency>
      <MissingDependency>
        <Required key="28" type="2" schemaName="customerid" displayName="Customer" parentSchemaName="invoice" parentDisplayName="Invoice" solution="msdynce_Sales (9.0.4.0076)" />
        <Dependent key="28" type="2" schemaName="customerid" displayName="Customer" parentSchemaName="invoice" parentDisplayName="Invoice" />
      </MissingDependency>
      <MissingDependency>
        <Required key="29" type="2" schemaName="customerid" displayName="Potential Customer" parentSchemaName="quote" parentDisplayName="Quote" solution="msdynce_Sales (9.0.4.0076)" />
        <Dependent key="29" type="2" schemaName="customerid" displayName="Potential Customer" parentSchemaName="quote" parentDisplayName="Quote" />
      </MissingDependency>
      <MissingDependency>
        <Required key="30" type="2" schemaName="customerid" displayName="Customer" parentSchemaName="salesorder" parentDisplayName="Order" solution="msdynce_Sales (9.0.4.0076)" />
        <Dependent key="30" type="2" schemaName="customerid" displayName="Customer" parentSchemaName="salesorder" parentDisplayName="Order" />
      </MissingDependency>
      <MissingDependency>
        <Required key="31" type="2" schemaName="msdyn_serviceaccount" displayName="Service Account" parentSchemaName="quotedetail" parentDisplayName="Quote Line" solution="FieldService (8.8.0.88)" />
        <Dependent key="31" type="2" schemaName="msdyn_serviceaccount" displayName="Service Account" parentSchemaName="quotedetail" parentDisplayName="Quote Line" />
      </MissingDependency>
      <MissingDependency>
        <Required key="32" type="2" schemaName="msdyn_account" displayName="Potential Customer" parentSchemaName="salesorder" parentDisplayName="Order" solution="FieldService (8.8.0.88)" />
        <Dependent key="32" type="2" schemaName="msdyn_account" displayName="Potential Customer" parentSchemaName="salesorder" parentDisplayName="Order" />
      </MissingDependency>
      <MissingDependency>
        <Required key="33" type="10" schemaName="msdyn_account_opportunityproduct_ServiceAccount" displayName="msdyn_account_opportunityproduct_ServiceAccount" parentSchemaName="account" parentDisplayName="Account" solution="FieldService (8.8.0.88)" />
        <Dependent key="33" type="10" schemaName="msdyn_account_opportunityproduct_ServiceAccount" displayName="msdyn_account_opportunityproduct_ServiceAccount" parentSchemaName="account" parentDisplayName="Account" />
      </MissingDependency>
      <MissingDependency>
        <Required key="34" type="10" schemaName="msdyn_account_product_DefaultVendor" displayName="msdyn_account_product_DefaultVendor" parentSchemaName="account" parentDisplayName="Account" solution="FieldService (8.8.0.88)" />
        <Dependent key="34" type="10" schemaName="msdyn_account_product_DefaultVendor" displayName="msdyn_account_product_DefaultVendor" parentSchemaName="account" parentDisplayName="Account" />
      </MissingDependency>
      <MissingDependency>
        <Required key="35" type="10" schemaName="msdyn_account_quote_Account" displayName="msdyn_account_quote_Account" parentSchemaName="account" parentDisplayName="Account" solution="FieldService (8.8.0.88)" />
        <Dependent key="35" type="10" schemaName="msdyn_account_quote_Account" displayName="msdyn_account_quote_Account" parentSchemaName="account" parentDisplayName="Account" />
      </MissingDependency>
      <MissingDependency>
        <Required key="36" type="10" schemaName="msdyn_account_quotedetail_ServiceAccount" displayName="msdyn_account_quotedetail_ServiceAccount" parentSchemaName="account" parentDisplayName="Account" solution="FieldService (8.8.0.88)" />
        <Dependent key="36" type="10" schemaName="msdyn_account_quotedetail_ServiceAccount" displayName="msdyn_account_quotedetail_ServiceAccount" parentSchemaName="account" parentDisplayName="Account" />
      </MissingDependency>
      <MissingDependency>
        <Required key="37" type="10" schemaName="msdyn_account_salesorder_Account" displayName="msdyn_account_salesorder_Account" parentSchemaName="account" parentDisplayName="Account" solution="FieldService (8.8.0.88)" />
        <Dependent key="37" type="10" schemaName="msdyn_account_salesorder_Account" displayName="msdyn_account_salesorder_Account" parentSchemaName="account" parentDisplayName="Account" />
      </MissingDependency>
      <MissingDependency>
        <Required key="38" type="10" schemaName="msdyn_account_msdyn_rma_BillingAccount" displayName="msdyn_account_msdyn_rma_BillingAccount" parentSchemaName="account" parentDisplayName="Account" solution="FieldService (8.8.0.88)" />
        <Dependent key="9" type="60" displayName="Account" parentDisplayName="Account" id="{8448b78f-8f42-454e-8e2a-f8196b0419af}" />
      </MissingDependency>
      <MissingDependency>
        <Required key="39" type="10" schemaName="msdyn_account_msdyn_agreement_ServiceAccount" displayName="msdyn_account_msdyn_agreement_ServiceAccount" parentSchemaName="account" parentDisplayName="Account" solution="FieldService (8.8.0.88)" />
        <Dependent key="9" type="60" displayName="Account" parentDisplayName="Account" id="{8448b78f-8f42-454e-8e2a-f8196b0419af}" />
      </MissingDependency>
      <MissingDependency>
        <Required key="40" type="10" schemaName="msdyn_msdyn_workhourtemplate_account_workhourtemplate" displayName="msdyn_msdyn_workhourtemplate_account_workhourtemplate" parentSchemaName="msdyn_workhourtemplate" parentDisplayName="Work template" solution="FieldService (8.8.0.88)" />
        <Dependent key="9" type="60" displayName="Account" parentDisplayName="Account" id="{8448b78f-8f42-454e-8e2a-f8196b0419af}" />
      </MissingDependency>
      <MissingDependency>
        <Required key="41" type="10" schemaName="msdyn_msdyn_taxcode_account_SalesTaxCode" displayName="msdyn_msdyn_taxcode_account_SalesTaxCode" parentSchemaName="msdyn_taxcode" parentDisplayName="Tax Code" solution="FieldService (8.8.0.88)" />
        <Dependent key="9" type="60" displayName="Account" parentDisplayName="Account" id="{8448b78f-8f42-454e-8e2a-f8196b0419af}" />
      </MissingDependency>
      <MissingDependency>
        <Required key="42" type="10" schemaName="msdyn_account_msdyn_payment_Account" displayName="msdyn_account_msdyn_payment_Account" parentSchemaName="account" parentDisplayName="Account" solution="FieldService (8.8.0.88)" />
        <Dependent key="9" type="60" displayName="Account" parentDisplayName="Account" id="{8448b78f-8f42-454e-8e2a-f8196b0419af}" />
      </MissingDependency>
      <MissingDependency>
        <Required key="43" type="10" schemaName="msdyn_account_msdyn_accountpricelist_Account" displayName="msdyn_account_msdyn_accountpricelist_Account" parentSchemaName="account" parentDisplayName="Account" solution="ProjectService (3.10.0.31)" />
        <Dependent key="9" type="60" displayName="Account" parentDisplayName="Account" id="{8448b78f-8f42-454e-8e2a-f8196b0419af}" />
      </MissingDependency>
      <MissingDependency>
        <Required key="44" type="10" schemaName="msdyn_account_msdyn_agreement_BillingAccount" displayName="msdyn_account_msdyn_agreement_BillingAccount" parentSchemaName="account" parentDisplayName="Account" solution="FieldService (8.8.0.88)" />
        <Dependent key="9" type="60" displayName="Account" parentDisplayName="Account" id="{8448b78f-8f42-454e-8e2a-f8196b0419af}" />
      </MissingDependency>
      <MissingDependency>
        <Required key="45" type="10" schemaName="msdyn_account_account_BillingAccount" displayName="msdyn_account_account_BillingAccount" parentSchemaName="account" parentDisplayName="Account" solution="FieldServiceCommon (1.0.0.76)" />
        <Dependent key="9" type="60" displayName="Account" parentDisplayName="Account" id="{8448b78f-8f42-454e-8e2a-f8196b0419af}" />
      </MissingDependency>
      <MissingDependency>
        <Required key="46" type="10" schemaName="msdyn_account_msdyn_rtv_Vendor" displayName="msdyn_account_msdyn_rtv_Vendor" parentSchemaName="account" parentDisplayName="Account" solution="FieldService (8.8.0.88)" />
        <Dependent key="9" type="60" displayName="Account" parentDisplayName="Account" id="{8448b78f-8f42-454e-8e2a-f8196b0419af}" />
      </MissingDependency>
      <MissingDependency>
        <Required key="47" type="10" schemaName="msdyn_account_msdyn_customerasset_Account" displayName="msdyn_account_msdyn_customerasset_Account" parentSchemaName="msdyn_customerasset" parentDisplayName="Customer Asset" solution="msdyn_AssetCommon (1.0.0.91)" />
        <Dependent key="9" type="60" displayName="Account" parentDisplayName="Account" id="{8448b78f-8f42-454e-8e2a-f8196b0419af}" />
      </MissingDependency>
      <MissingDependency>
        <Required key="48" type="10" schemaName="msdyn_account_msdyn_workorder_ServiceAccount" displayName="msdyn_account_msdyn_workorder_ServiceAccount" parentSchemaName="account" parentDisplayName="Account" solution="FieldService (8.8.0.88)" />
        <Dependent key="9" type="60" displayName="Account" parentDisplayName="Account" id="{8448b78f-8f42-454e-8e2a-f8196b0419af}" />
      </MissingDependency>
      <MissingDependency>
        <Required key="49" type="10" schemaName="msdyn_account_msdyn_rma_ServiceAccount" displayName="msdyn_account_msdyn_rma_ServiceAccount" parentSchemaName="account" parentDisplayName="Account" solution="FieldService (8.8.0.88)" />
        <Dependent key="9" type="60" displayName="Account" parentDisplayName="Account" id="{8448b78f-8f42-454e-8e2a-f8196b0419af}" />
      </MissingDependency>
      <MissingDependency>
        <Required key="50" type="10" schemaName="msdyn_territory_account_ServiceTerritory" displayName="msdyn_territory_account_ServiceTerritory" parentSchemaName="territory" parentDisplayName="Territory" solution="FieldService (8.8.0.88)" />
        <Dependent key="9" type="60" displayName="Account" parentDisplayName="Account" id="{8448b78f-8f42-454e-8e2a-f8196b0419af}" />
      </MissingDependency>
      <MissingDependency>
        <Required key="51" type="10" schemaName="msdyn_account_msdyn_workorder_BillingAccount" displayName="msdyn_account_msdyn_workorder_BillingAccount" parentSchemaName="account" parentDisplayName="Account" solution="FieldService (8.8.0.88)" />
        <Dependent key="9" type="60" displayName="Account" parentDisplayName="Account" id="{8448b78f-8f42-454e-8e2a-f8196b0419af}" />
      </MissingDependency>
      <MissingDependency>
        <Required key="52" type="10" schemaName="msdyn_account_msdyn_purchaseorder_Vendor" displayName="msdyn_account_msdyn_purchaseorder_Vendor" parentSchemaName="account" parentDisplayName="Account" solution="FieldService (8.8.0.88)" />
        <Dependent key="9" type="60" displayName="Account" parentDisplayName="Account" id="{8448b78f-8f42-454e-8e2a-f8196b0419af}" />
      </MissingDependency>
      <MissingDependency>
        <Required key="53" type="10" schemaName="msdyn_account_msdyn_project_Customer" displayName="msdyn_account_msdyn_project_Customer" parentSchemaName="account" parentDisplayName="Account" solution="ProjectService (3.10.0.31)" />
        <Dependent key="9" type="60" displayName="Account" parentDisplayName="Account" id="{8448b78f-8f42-454e-8e2a-f8196b0419af}" />
      </MissingDependency>
      <MissingDependency>
        <Required key="54" type="26" schemaName="Order Associated View" displayName="Order Associated View" parentSchemaName="salesorder" parentDisplayName="Order" solution="msdynce_Sales (9.0.4.0076)" id="{71f7da6e-2772-4097-89d1-3670ff8348bb}" />
        <Dependent key="7" type="80" schemaName="cr81b_LabCorpApp" displayName="LabCorp App" />
      </MissingDependency>
      <MissingDependency>
        <Required key="55" type="26" schemaName="Active Products Lookup View" displayName="Active Products Lookup View" parentSchemaName="product" parentDisplayName="Product" solution="msdynce_ProductManagement (9.0.4.0066)" id="{58afc3c5-8add-4552-98cb-473bc8f75619}" />
        <Dependent key="7" type="80" schemaName="cr81b_LabCorpApp" displayName="LabCorp App" />
      </MissingDependency>
      <MissingDependency>
        <Required key="56" type="26" schemaName="Products With Price List" displayName="Products With Price List" parentSchemaName="product" parentDisplayName="Product" solution="msdynce_ProductManagement (9.0.4.0066)" id="{6abca607-018d-4042-a8a7-56a6a1190483}" />
        <Dependent key="7" type="80" schemaName="cr81b_LabCorpApp" displayName="LabCorp App" />
      </MissingDependency>
      <MissingDependency>
        <Required key="57" type="26" schemaName="Recent Opportunities" displayName="Recent Opportunities" parentSchemaName="opportunity" parentDisplayName="Opportunity" solution="msdynce_Sales (9.0.4.0076)" id="{9c3f7ee8-eca7-e211-9fb6-00155dd0ea05}" />
        <Dependent key="7" type="80" schemaName="cr81b_LabCorpApp" displayName="LabCorp App" />
      </MissingDependency>
      <MissingDependency>
        <Required key="58" type="26" schemaName="Recent Quotes" displayName="Recent Quotes" parentSchemaName="quote" parentDisplayName="Quote" solution="msdynce_Sales (9.0.4.0076)" id="{0777afca-97ef-e611-80d6-00155dbd7126}" />
        <Dependent key="7" type="80" schemaName="cr81b_LabCorpApp" displayName="LabCorp App" />
      </MissingDependency>
      <MissingDependency>
        <Required key="59" type="26" schemaName="Product Lookup View" displayName="Product Lookup View" parentSchemaName="product" parentDisplayName="Product" solution="msdynce_ProductManagement (9.0.4.0066)" id="{8ba625b2-6a2a-4735-bab2-0c74ae8442a4}" />
        <Dependent key="7" type="80" schemaName="cr81b_LabCorpApp" displayName="LabCorp App" />
      </MissingDependency>
      <MissingDependency>
        <Required key="60" type="26" schemaName="Products in Parent Price List" displayName="Products in Parent Price List" parentSchemaName="product" parentDisplayName="Product" solution="msdynce_ProductManagement (9.0.4.0066)" id="{bcc509ee-1444-4a95-aed2-128efd85ffd5}" />
        <Dependent key="7" type="80" schemaName="cr81b_LabCorpApp" displayName="LabCorp App" />
      </MissingDependency>
      <MissingDependency>
        <Required key="61" type="26" schemaName="Bundle Lookup View" displayName="Bundle Lookup View" parentSchemaName="product" parentDisplayName="Product" solution="msdynce_ProductManagement (9.0.4.0066)" id="{dd35464e-bb9d-4575-9270-ba09db4244c1}" />
        <Dependent key="7" type="80" schemaName="cr81b_LabCorpApp" displayName="LabCorp App" />
      </MissingDependency>
      <MissingDependency>
        <Required key="62" type="26" schemaName="Active Orders" displayName="Active Orders" parentSchemaName="salesorder" parentDisplayName="Order" solution="msdynce_Sales (9.0.4.0076)" id="{e6f001df-303c-447b-b184-0f65cd00c3f9}" />
        <Dependent key="7" type="80" schemaName="cr81b_LabCorpApp" displayName="LabCorp App" />
      </MissingDependency>
      <MissingDependency>
        <Required key="63" type="26" schemaName="Quote Associated View" displayName="Quote Associated View" parentSchemaName="quote" parentDisplayName="Quote" solution="msdynce_Sales (9.0.4.0076)" id="{642095db-91dd-4813-bb31-665a3a2bae61}" />
        <Dependent key="7" type="80" schemaName="cr81b_LabCorpApp" displayName="LabCorp App" />
      </MissingDependency>
      <MissingDependency>
        <Required key="64" type="26" schemaName="Invoice Lookup View" displayName="Invoice Lookup View" parentSchemaName="invoice" parentDisplayName="Invoice" solution="msdynce_Sales (9.0.4.0076)" id="{a49cd195-5af0-4f8b-a833-9a5bcbdd44fc}" />
        <Dependent key="7" type="80" schemaName="cr81b_LabCorpApp" displayName="LabCorp App" />
      </MissingDependency>
      <MissingDependency>
        <Required key="65" type="26" schemaName="Product Associated View" displayName="Product Associated View" parentSchemaName="product" parentDisplayName="Product" solution="msdynce_ProductManagement (9.0.4.0066)" id="{f8de15f4-4c76-4a21-94c9-a38fcafdb73d}" />
        <Dependent key="7" type="80" schemaName="cr81b_LabCorpApp" displayName="LabCorp App" />
      </MissingDependency>
      <MissingDependency>
        <Required key="66" type="26" schemaName="All Orders" displayName="All Orders" parentSchemaName="salesorder" parentDisplayName="Order" solution="ProjectService (3.10.0.31)" id="{c237560a-5dad-e411-80d5-00155dbeee13}" />
        <Dependent key="7" type="80" schemaName="cr81b_LabCorpApp" displayName="LabCorp App" />
      </MissingDependency>
      <MissingDependency>
        <Required key="67" type="26" schemaName="All Opportunities" displayName="All Opportunities" parentSchemaName="opportunity" parentDisplayName="Opportunity" solution="msdynce_Sales (9.0.4.0076)" id="{c6f6fc1b-1b3e-e711-80e1-00155d871bb4}" />
        <Dependent key="7" type="80" schemaName="cr81b_LabCorpApp" displayName="LabCorp App" />
      </MissingDependency>
      <MissingDependency>
        <Required key="68" type="26" schemaName="Order Advanced Find View" displayName="Order Advanced Find View" parentSchemaName="salesorder" parentDisplayName="Order" solution="msdynce_Sales (9.0.4.0076)" id="{00000000-0000-0000-00aa-000000666900}" />
        <Dependent key="7" type="80" schemaName="cr81b_LabCorpApp" displayName="LabCorp App" />
      </MissingDependency>
      <MissingDependency>
        <Required key="69" type="26" schemaName="Bundle Product Lookup View" displayName="Bundle Product Lookup View" parentSchemaName="product" parentDisplayName="Product" solution="msdynce_ProductManagement (9.0.4.0066)" id="{89a80f99-f388-412a-add2-d75c6acd930f}" />
        <Dependent key="7" type="80" schemaName="cr81b_LabCorpApp" displayName="LabCorp App" />
      </MissingDependency>
      <MissingDependency>
        <Required key="70" type="26" schemaName="Kit Product Lookup View" displayName="Kit Product Lookup View" parentSchemaName="product" parentDisplayName="Product" solution="msdynce_ProductManagement (9.0.4.0066)" id="{18b841eb-8738-4bcb-9a59-af7f906e73b4}" />
        <Dependent key="7" type="80" schemaName="cr81b_LabCorpApp" displayName="LabCorp App" />
      </MissingDependency>
      <MissingDependency>
        <Required key="71" type="26" schemaName="Active Quotes" displayName="Active Quotes" parentSchemaName="quote" parentDisplayName="Quote" solution="msdynce_Sales (9.0.4.0076)" id="{cb46d7d1-f9d4-40b7-8a4c-187232647255}" />
        <Dependent key="7" type="80" schemaName="cr81b_LabCorpApp" displayName="LabCorp App" />
      </MissingDependency>
      <MissingDependency>
        <Required key="72" type="26" schemaName="Product Family Lookup View" displayName="Product Family Lookup View" parentSchemaName="product" parentDisplayName="Product" solution="msdynce_ProductManagement (9.0.4.0066)" id="{19d7f2e0-e427-40fb-85e8-53e7cef2b166}" />
        <Dependent key="7" type="80" schemaName="cr81b_LabCorpApp" displayName="LabCorp App" />
      </MissingDependency>
      <MissingDependency>
        <Required key="73" type="26" schemaName="Order Lookup View" displayName="Order Lookup View" parentSchemaName="salesorder" parentDisplayName="Order" solution="msdynce_Sales (9.0.4.0076)" id="{abf9e11d-08a5-4f4d-966b-7335a924e9c7}" />
        <Dependent key="7" type="80" schemaName="cr81b_LabCorpApp" displayName="LabCorp App" />
      </MissingDependency>
      <MissingDependency>
        <Required key="74" type="26" schemaName="Closed Invoices" displayName="Closed Invoices" parentSchemaName="invoice" parentDisplayName="Invoice" solution="msdynce_Sales (9.0.4.0076)" id="{812c3a80-3f34-405b-b807-516173149340}" />
        <Dependent key="7" type="80" schemaName="cr81b_LabCorpApp" displayName="LabCorp App" />
      </MissingDependency>
      <MissingDependency>
        <Required key="75" type="26" schemaName="All Quotes" displayName="All Quotes" parentSchemaName="quote" parentDisplayName="Quote" solution="msdynce_Sales (9.0.4.0076)" id="{00000000-0000-0000-00aa-000010013100}" />
        <Dependent key="7" type="80" schemaName="cr81b_LabCorpApp" displayName="LabCorp App" />
      </MissingDependency>
      <MissingDependency>
        <Required key="76" type="26" schemaName="Invoice Advanced Find View" displayName="Invoice Advanced Find View" parentSchemaName="invoice" parentDisplayName="Invoice" solution="msdynce_Sales (9.0.4.0076)" id="{00000000-0000-0000-00aa-000000666600}" />
        <Dependent key="7" type="80" schemaName="cr81b_LabCorpApp" displayName="LabCorp App" />
      </MissingDependency>
      <MissingDependency>
        <Required key="77" type="26" schemaName="All Products, Families &amp; Bundles" displayName="All Products, Families &amp; Bundles" parentSchemaName="product" parentDisplayName="Product" solution="msdynce_ProductManagement (9.0.4.0066)" id="{44aeb57e-840f-4026-b898-24b261493c3c}" />
        <Dependent key="7" type="80" schemaName="cr81b_LabCorpApp" displayName="LabCorp App" />
      </MissingDependency>
      <MissingDependency>
        <Required key="78" type="26" schemaName="Recent Invoices" displayName="Recent Invoices" parentSchemaName="invoice" parentDisplayName="Invoice" solution="msdynce_Sales (9.0.4.0076)" id="{e186e469-aabb-e611-80d6-00155db0be3a}" />
        <Dependent key="7" type="80" schemaName="cr81b_LabCorpApp" displayName="LabCorp App" />
      </MissingDependency>
      <MissingDependency>
        <Required key="79" type="26" schemaName="All Invoices" displayName="All Invoices" parentSchemaName="invoice" parentDisplayName="Invoice" solution="msdynce_Sales (9.0.4.0076)" id="{344d1185-a122-4cc3-b64b-869f938efb17}" />
        <Dependent key="7" type="80" schemaName="cr81b_LabCorpApp" displayName="LabCorp App" />
      </MissingDependency>
      <MissingDependency>
        <Required key="80" type="26" schemaName="Quote Lookup View" displayName="Quote Lookup View" parentSchemaName="quote" parentDisplayName="Quote" solution="msdynce_Sales (9.0.4.0076)" id="{30969771-f303-4b8e-ae91-1e4f5a7feefb}" />
        <Dependent key="7" type="80" schemaName="cr81b_LabCorpApp" displayName="LabCorp App" />
      </MissingDependency>
      <MissingDependency>
        <Required key="81" type="26" schemaName="Invoice Associated View" displayName="Invoice Associated View" parentSchemaName="invoice" parentDisplayName="Invoice" solution="msdynce_Sales (9.0.4.0076)" id="{a84eb3ff-6dc5-4f57-bbf0-7b664c11fb62}" />
        <Dependent key="7" type="80" schemaName="cr81b_LabCorpApp" displayName="LabCorp App" />
      </MissingDependency>
      <MissingDependency>
        <Required key="82" type="26" schemaName="Opportunity Advanced Find View" displayName="Opportunity Advanced Find View" parentSchemaName="opportunity" parentDisplayName="Opportunity" solution="msdynce_Sales (9.0.4.0076)" id="{00000000-0000-0000-00aa-000000666800}" />
        <Dependent key="7" type="80" schemaName="cr81b_LabCorpApp" displayName="LabCorp App" />
      </MissingDependency>
      <MissingDependency>
        <Required key="83" type="26" schemaName="Opportunity Lookup View" displayName="Opportunity Lookup View" parentSchemaName="opportunity" parentDisplayName="Opportunity" solution="msdynce_Sales (9.0.4.0076)" id="{9eb361b4-67ac-4830-8abf-2d29efbaee2c}" />
        <Dependent key="7" type="80" schemaName="cr81b_LabCorpApp" displayName="LabCorp App" />
      </MissingDependency>
      <MissingDependency>
        <Required key="84" type="26" schemaName="Product Suggestions" displayName="Product Suggestions" parentSchemaName="product" parentDisplayName="Product" solution="msdynce_ProductManagementPatch (9.0.2005.1002)" id="{2ba93c16-e1e3-45cc-a9ae-83d9ec18ff9c}" />
        <Dependent key="7" type="80" schemaName="cr81b_LabCorpApp" displayName="LabCorp App" />
      </MissingDependency>
      <MissingDependency>
        <Required key="85" type="26" schemaName="All Contacts" displayName="All Contacts" parentSchemaName="contact" parentDisplayName="Contact" solution="msdynce_AppCommon (9.0.4.0066)" id="{0d5d377b-5e7c-47b5-bab1-a5cb8b4ac105}" />
        <Dependent key="7" type="80" schemaName="cr81b_LabCorpApp" displayName="LabCorp App" />
      </MissingDependency>
      <MissingDependency>
        <Required key="86" type="26" schemaName="All Accounts" displayName="All Accounts" parentSchemaName="account" parentDisplayName="Account" solution="msdynce_AppCommon (9.0.4.0066)" id="{65ffaf9a-e8c5-432d-860b-32f841b00d87}" />
        <Dependent key="7" type="80" schemaName="cr81b_LabCorpApp" displayName="LabCorp App" />
      </MissingDependency>
      <MissingDependency>
        <Required key="86" type="26" schemaName="All Accounts" displayName="All Accounts" parentSchemaName="account" parentDisplayName="Account" solution="msdynce_AppCommon (9.0.4.0066)" id="{65ffaf9a-e8c5-432d-860b-32f841b00d87}" />
        <Dependent key="86" type="26" schemaName="All Accounts" displayName="All Accounts" parentSchemaName="account" parentDisplayName="Account" id="{65ffaf9a-e8c5-432d-860b-32f841b00d87}" />
      </MissingDependency>
      <MissingDependency>
        <Required key="85" type="26" schemaName="All Contacts" displayName="All Contacts" parentSchemaName="contact" parentDisplayName="Contact" solution="msdynce_AppCommon (9.0.4.0066)" id="{0d5d377b-5e7c-47b5-bab1-a5cb8b4ac105}" />
        <Dependent key="85" type="26" schemaName="All Contacts" displayName="All Contacts" parentSchemaName="contact" parentDisplayName="Contact" id="{0d5d377b-5e7c-47b5-bab1-a5cb8b4ac105}" />
      </MissingDependency>
      <MissingDependency>
        <Required key="87" type="26" schemaName="Active Project Price Lists" displayName="Active Project Price Lists" parentSchemaName="msdyn_accountpricelist" parentDisplayName="Account Project Price List" solution="ProjectService (3.10.0.31)" id="{9e8bd99a-72e8-49fe-8c6f-ec1ac8407f5a}" />
        <Dependent key="9" type="60" displayName="Account" parentDisplayName="Account" id="{8448b78f-8f42-454e-8e2a-f8196b0419af}" />
      </MissingDependency>
      <MissingDependency>
        <Required key="88" type="26" schemaName="Product Advanced Find View" displayName="Product Advanced Find View" parentSchemaName="product" parentDisplayName="Product" solution="msdynce_ProductManagement (9.0.4.0066)" id="{00000000-0000-0000-00aa-000000666a00}" />
        <Dependent key="7" type="80" schemaName="cr81b_LabCorpApp" displayName="LabCorp App" />
      </MissingDependency>
      <MissingDependency>
        <Required key="89" type="26" schemaName="Quote Advanced Find View" displayName="Quote Advanced Find View" parentSchemaName="quote" parentDisplayName="Quote" solution="msdynce_Sales (9.0.4.0076)" id="{00000000-0000-0000-00aa-000000666b00}" />
        <Dependent key="7" type="80" schemaName="cr81b_LabCorpApp" displayName="LabCorp App" />
      </MissingDependency>
      <MissingDependency>
        <Required key="90" type="26" schemaName="Product Bundle Associated View" displayName="Product Bundle Associated View" parentSchemaName="product" parentDisplayName="Product" solution="msdynce_ProductManagement (9.0.4.0066)" id="{ebf28110-7cc8-46f9-8d3f-c7d81c60ccc1}" />
        <Dependent key="7" type="80" schemaName="cr81b_LabCorpApp" displayName="LabCorp App" />
      </MissingDependency>
      <MissingDependency>
        <Required key="91" type="29" displayName="Opportunity Sales Process" solution="msdynce_Sales (9.0.4.0076)" id="{3e8ebee6-a2bc-4451-9c5f-b146b085413a}" />
        <Dependent key="7" type="80" schemaName="cr81b_LabCorpApp" displayName="LabCorp App" />
      </MissingDependency>
      <MissingDependency>
        <Required key="92" type="59" schemaName="Top Customers" displayName="Top Customers" parentSchemaName="opportunity" parentDisplayName="Opportunity" solution="msdynce_Sales (9.0.4.0076)" id="{8bc5fb18-48f2-4782-9e16-3d452fa4ddce}" />
        <Dependent key="7" type="80" schemaName="cr81b_LabCorpApp" displayName="LabCorp App" />
      </MissingDependency>
      <MissingDependency>
        <Required key="93" type="59" schemaName="Quotes by Status Reason" displayName="Quotes by Status Reason" parentSchemaName="quote" parentDisplayName="Quote" solution="msdynce_Sales (9.0.4.0076)" id="{d42a5af1-853c-e711-80e0-00155d871bb4}" />
        <Dependent key="7" type="80" schemaName="cr81b_LabCorpApp" displayName="LabCorp App" />
      </MissingDependency>
      <MissingDependency>
        <Required key="94" type="59" schemaName="Orders by Status Reason" displayName="Orders by Status Reason" parentSchemaName="salesorder" parentDisplayName="Order" solution="msdynce_Sales (9.0.4.0076)" id="{1eb5c9ca-063e-e711-80e1-00155d871bb4}" />
        <Dependent key="7" type="80" schemaName="cr81b_LabCorpApp" displayName="LabCorp App" />
      </MissingDependency>
      <MissingDependency>
        <Required key="95" type="59" schemaName="Invoices by Status Reason" displayName="Invoices by Status Reason" parentSchemaName="invoice" parentDisplayName="Invoice" solution="msdynce_Sales (9.0.4.0076)" id="{0b9440b5-ee49-e711-80e1-00155d342d09}" />
        <Dependent key="7" type="80" schemaName="cr81b_LabCorpApp" displayName="LabCorp App" />
      </MissingDependency>
      <MissingDependency>
        <Required key="96" type="60" displayName="Invoice" parentDisplayName="Invoice" solution="msdynce_Sales (9.0.4.0076)" id="{c9f7c8e8-324f-4ae4-9927-14efcba20d08}" />
        <Dependent key="7" type="80" schemaName="cr81b_LabCorpApp" displayName="LabCorp App" />
      </MissingDependency>
      <MissingDependency>
        <Required key="97" type="60" displayName="Invoice Quick View Form" parentDisplayName="Invoice" solution="msdynce_Sales (9.0.4.0076)" id="{74f580bd-2011-4244-96c2-eb15ea46e22f}" />
        <Dependent key="7" type="80" schemaName="cr81b_LabCorpApp" displayName="LabCorp App" />
      </MissingDependency>
      <MissingDependency>
        <Required key="98" type="60" displayName="Product Quick Create" parentDisplayName="Product" solution="msdynce_ProductManagement (9.0.4.0066)" id="{672e520b-6bbc-47f8-977f-228bfc6d8faf}" />
        <Dependent key="7" type="80" schemaName="cr81b_LabCorpApp" displayName="LabCorp App" />
      </MissingDependency>
      <MissingDependency>
        <Required key="99" type="60" displayName="Product" parentDisplayName="Product" solution="msdynce_ProductManagement (9.0.4.0066)" id="{a640be62-63f6-4027-90d7-48c014a7c6f3}" />
        <Dependent key="7" type="80" schemaName="cr81b_LabCorpApp" displayName="LabCorp App" />
      </MissingDependency>
      <MissingDependency>
        <Required key="100" type="60" displayName="Contacts Dashboard" parentDisplayName="Contact" solution="msdynce_Service (9.0.5.56)" id="{70ad8b15-e3f3-4d7d-9e4b-16cb4e51b484}" />
        <Dependent key="7" type="80" schemaName="cr81b_LabCorpApp" displayName="LabCorp App" />
      </MissingDependency>
      <MissingDependency>
        <Required key="101" type="60" displayName="Product Hierarchy Tile Form" parentDisplayName="Product" solution="msdynce_ProductManagement (9.0.4.0066)" id="{44c9f1ee-9bce-4c6f-9a7f-6568be05c41c}" />
        <Dependent key="7" type="80" schemaName="cr81b_LabCorpApp" displayName="LabCorp App" />
      </MissingDependency>
      <MissingDependency>
        <Required key="102" type="60" displayName="Order" parentDisplayName="Order" solution="msdynce_Sales (9.0.4.0076)" id="{d598792c-3ff0-43f3-b3e3-bbd70b99e1a5}" />
        <Dependent key="7" type="80" schemaName="cr81b_LabCorpApp" displayName="LabCorp App" />
      </MissingDependency>
      <MissingDependency>
        <Required key="103" type="60" displayName="Contact" parentDisplayName="Contact" solution="msdynce_AppCommon (9.0.4.0066)" id="{1fed44d1-ae68-4a41-bd2b-f13acac4acfa}" />
        <Dependent key="7" type="80" schemaName="cr81b_LabCorpApp" displayName="LabCorp App" />
      </MissingDependency>
      <MissingDependency>
        <Required key="104" type="60" displayName="Opportunity" parentDisplayName="Opportunity" solution="msdynce_Sales (9.0.4.0076)" id="{a837e4a7-01b8-4f82-a475-be9abd67e667}" />
        <Dependent key="7" type="80" schemaName="cr81b_LabCorpApp" displayName="LabCorp App" />
      </MissingDependency>
      <MissingDependency>
        <Required key="105" type="60" displayName="Quote" parentDisplayName="Quote" solution="msdynce_Sales (9.0.4.0076)" id="{54076a2d-d043-4a1b-b061-4d06846371a9}" />
        <Dependent key="7" type="80" schemaName="cr81b_LabCorpApp" displayName="LabCorp App" />
      </MissingDependency>
      <MissingDependency>
        <Required key="106" type="60" displayName="Invoice" parentDisplayName="Invoice" solution="msdynce_Sales (9.0.4.0076)" id="{ddc30f29-e6e2-463f-9e37-163b4014b27e}" />
        <Dependent key="7" type="80" schemaName="cr81b_LabCorpApp" displayName="LabCorp App" />
      </MissingDependency>
      <MissingDependency>
        <Required key="107" type="60" displayName="Order" parentDisplayName="Order" solution="msdynce_Sales (9.0.4.0076)" id="{cc287fab-10d3-44be-b738-1daf50a2aa03}" />
        <Dependent key="7" type="80" schemaName="cr81b_LabCorpApp" displayName="LabCorp App" />
      </MissingDependency>
      <MissingDependency>
        <Required key="108" type="60" displayName="Product family Quick Create" parentDisplayName="Product" solution="msdynce_ProductManagement (9.0.4.0066)" id="{fd57aeed-ab95-4a32-9c6c-61ae92d2a296}" />
        <Dependent key="7" type="80" schemaName="cr81b_LabCorpApp" displayName="LabCorp App" />
      </MissingDependency>
      <MissingDependency>
        <Required key="109" type="60" displayName="Quote View Form" parentDisplayName="Quote" solution="msdynce_Sales (9.0.4.0076)" id="{1e70456a-ccfa-4a29-9e78-0d71724b3377}" />
        <Dependent key="7" type="80" schemaName="cr81b_LabCorpApp" displayName="LabCorp App" />
      </MissingDependency>
      <MissingDependency>
        <Required key="110" type="60" displayName="Quote" parentDisplayName="Quote" solution="msdynce_Sales (9.0.4.0076)" id="{8dd0025e-7d87-4a7b-aaf4-12754b8fbede}" />
        <Dependent key="7" type="80" schemaName="cr81b_LabCorpApp" displayName="LabCorp App" />
      </MissingDependency>
      <MissingDependency>
        <Required key="111" type="60" displayName="Order Quick View Form" parentDisplayName="Order" solution="msdynce_Sales (9.0.4.0076)" id="{d40de9d5-d823-4fb7-8fdc-21be01f61424}" />
        <Dependent key="7" type="80" schemaName="cr81b_LabCorpApp" displayName="LabCorp App" />
      </MissingDependency>
      <MissingDependency>
        <Required key="19" type="60" displayName="Contact Quick Create" parentDisplayName="Contact" solution="msdynce_AppCommon (9.0.4.0066)" id="{661157fe-2fc9-4eaa-835f-5bfa2f7b64f7}" />
        <Dependent key="19" type="60" displayName="Contact Quick Create" parentDisplayName="Contact" id="{661157fe-2fc9-4eaa-835f-5bfa2f7b64f7}" />
      </MissingDependency>
      <MissingDependency>
        <Required key="112" type="60" displayName="Account Quick Create" parentDisplayName="Account" solution="msdynce_AppCommon (9.0.4.0066)" id="{c9e7ec2d-efca-4e4c-b3e3-f63c4bba5e4b}" />
        <Dependent key="112" type="60" displayName="Account Quick Create" parentDisplayName="Account" id="{c9e7ec2d-efca-4e4c-b3e3-f63c4bba5e4b}" />
      </MissingDependency>
      <MissingDependency>
        <Required key="9" type="60" displayName="Account" parentDisplayName="Account" solution="msdynce_AppCommon (9.0.4.0066)" id="{8448b78f-8f42-454e-8e2a-f8196b0419af}" />
        <Dependent key="9" type="60" displayName="Account" parentDisplayName="Account" id="{8448b78f-8f42-454e-8e2a-f8196b0419af}" />
      </MissingDependency>
      <MissingDependency>
        <Required key="113" type="65" schemaName="Account Hierarchy" displayName="Account Hierarchy" parentSchemaName="account" parentDisplayName="Account" solution="msdynce_AppCommon (9.0.4.0066)" id="{4ef9fbbf-dcca-e311-b3e2-0024e84720c0}" />
        <Dependent key="113" type="65" schemaName="Account Hierarchy" displayName="Account Hierarchy" parentSchemaName="account" parentDisplayName="Account" id="{4ef9fbbf-dcca-e311-b3e2-0024e84720c0}" />
      </MissingDependency>
      <MissingDependency>
        <Required key="114" type="66" schemaName="MscrmControls.CardFeedContainer.CardFeedContainer" displayName="MscrmControls.CardFeedContainer.CardFeedContainer" solution="BaseCustomControlsCore (9.0.2005.1014)" />
        <Dependent key="9" type="60" displayName="Account" parentDisplayName="Account" id="{8448b78f-8f42-454e-8e2a-f8196b0419af}" />
      </MissingDependency>
      <MissingDependency>
        <Required key="115" type="66" schemaName="Intelligence.BusinessCardReaderControl.BusinessCardReader" displayName="Intelligence.BusinessCardReaderControl.BusinessCardReader" solution="BaseCustomControlsCore (9.0.2005.1014)" />
        <Dependent key="19" type="60" displayName="Contact Quick Create" parentDisplayName="Contact" id="{661157fe-2fc9-4eaa-835f-5bfa2f7b64f7}" />
      </MissingDependency>
      <MissingDependency>
        <Required key="116" type="61" schemaName="msdyn_/Libraries/require/require.js" displayName="msdyn_/Libraries/require/require.js" solution="ProjectService (3.10.0.31)" />
        <Dependent key="9" type="60" displayName="Account" parentDisplayName="Account" id="{8448b78f-8f42-454e-8e2a-f8196b0419af}" />
      </MissingDependency>
      <MissingDependency>
        <Required key="117" type="61" schemaName="msdyn_/Utils/FieldServiceTrial.js" displayName="msdyn_/Utils/FieldServiceTrial.js" solution="FieldService (8.8.0.88)" />
        <Dependent key="9" type="60" displayName="Account" parentDisplayName="Account" id="{8448b78f-8f42-454e-8e2a-f8196b0419af}" />
      </MissingDependency>
      <MissingDependency>
        <Required key="118" type="61" schemaName="msdyn_/Contact/Contact.Library.js" displayName="msdyn_/Contact/Contact.Library.js" solution="FieldService (8.8.0.88)" />
        <Dependent key="119" type="60" displayName="Main" parentDisplayName="Contact" id="{356dfb7e-11de-4c26-b6d6-0ab1652371b7}" />
      </MissingDependency>
      <MissingDependency>
        <Required key="120" type="61" schemaName="Sales/ClientCommon/Sales_ClientCommon.js" displayName="Sales/ClientCommon/Sales_ClientCommon.js" solution="msdynce_Sales (9.0.4.0076)" />
        <Dependent key="119" type="60" displayName="Main" parentDisplayName="Contact" id="{356dfb7e-11de-4c26-b6d6-0ab1652371b7}" />
      </MissingDependency>
      <MissingDependency>
        <Required key="121" type="61" schemaName="Sales/Contact/Contact_main_system_library.js" displayName="Sales/Contact/Contact_main_system_library.js" solution="msdynce_SalesPatch201904 (9.0.1912.1007)" />
        <Dependent key="119" type="60" displayName="Main" parentDisplayName="Contact" id="{356dfb7e-11de-4c26-b6d6-0ab1652371b7}" />
      </MissingDependency>
      <MissingDependency>
        <Required key="122" type="61" schemaName="msdyn_talkingpointsloader.js" displayName="msdyn_talkingpointsloader.js" solution="msdynce_Talkingpoints (9.0.1.70982)" />
        <Dependent key="119" type="60" displayName="Main" parentDisplayName="Contact" id="{356dfb7e-11de-4c26-b6d6-0ab1652371b7}" />
      </MissingDependency>
      <MissingDependency>
        <Required key="123" type="61" schemaName="msdyn_/Account/Account.Library.js" displayName="msdyn_/Account/Account.Library.js" solution="FieldService (8.8.0.88)" />
        <Dependent key="9" type="60" displayName="Account" parentDisplayName="Account" id="{8448b78f-8f42-454e-8e2a-f8196b0419af}" />
      </MissingDependency>
      <MissingDependency>
        <Required key="124" type="61" schemaName="msdyn_/Images/AppModule_Default_Icon.png" displayName="msdyn_/Images/AppModule_Default_Icon.png" solution="AppModuleWebResources (2.5)" />
        <Dependent key="7" type="80" schemaName="cr81b_LabCorpApp" displayName="LabCorp App" />
      </MissingDependency>
    </MissingDependencies>
  </SolutionManifest>
</ImportExportXml>